gene_symbol	dist_kb	fst	n_variants
CRYAA	-995.0	0.124	237
CRYAA	-985.0	0.0579	243
CRYAA	-975.0	0.1156	226
CRYAA	-965.0	0.1005	273
CRYAA	-955.0	0.1151	286
CRYAA	-945.0	0.2227	232
CRYAA	-935.0	0.177	221
CRYAA	-925.0	0.1465	256
CRYAA	-915.0	0.1921	217
CRYAA	-905.0	0.1508	293
CRYAA	-895.0	0.1015	275
CRYAA	-885.0	0.053	285
CRYAA	-875.0	0.1492	263
CRYAA	-865.0	0.1309	288
CRYAA	-855.0	0.1291	260
CRYAA	-845.0	0.1212	256
CRYAA	-835.0	0.2302	270
CRYAA	-825.0	0.1681	295
CRYAA	-815.0	0.0539	338
CRYAA	-805.0	0.0454	296
CRYAA	-795.0	0.0887	327
CRYAA	-785.0	0.1655	276
CRYAA	-775.0	0.1102	229
CRYAA	-765.0	0.0625	287
CRYAA	-755.0	0.1285	268
CRYAA	-745.0	0.1292	237
CRYAA	-735.0	0.1061	232
CRYAA	-725.0	0.1496	294
CRYAA	-715.0	0.1971	279
CRYAA	-705.0	0.1581	226
CRYAA	-695.0	0.168	270
CRYAA	-685.0	0.1526	206
CRYAA	-675.0	0.1182	214
CRYAA	-665.0	0.1155	183
CRYAA	-655.0	0.1597	224
CRYAA	-645.0	0.1211	235
CRYAA	-635.0	0.108	236
CRYAA	-625.0	0.0968	250
CRYAA	-615.0	0.245	245
CRYAA	-605.0	0.1406	293
CRYAA	-595.0	0.146	322
CRYAA	-585.0	0.0799	271
CRYAA	-575.0	0.1829	255
CRYAA	-565.0	0.1057	299
CRYAA	-555.0	0.0631	190
CRYAA	-545.0	0.1347	241
CRYAA	-535.0	0.0801	273
CRYAA	-525.0	0.1	257
CRYAA	-515.0	0.1344	253
CRYAA	-505.0	0.3829	270
CRYAA	-495.0	0.3516	265
CRYAA	-485.0	0.1497	270
CRYAA	-475.0	0.0494	207
CRYAA	-465.0	0.0704	233
CRYAA	-455.0	0.086	247
CRYAA	-445.0	0.0949	250
CRYAA	-435.0	0.1005	256
CRYAA	-425.0	0.1019	225
CRYAA	-415.0	0.197	239
CRYAA	-405.0	0.082	268
CRYAA	-395.0	0.0774	388
CRYAA	-385.0	0.1293	237
CRYAA	-375.0	0.0889	276
CRYAA	-365.0	0.2925	253
CRYAA	-355.0	0.1265	217
CRYAA	-345.0	0.1489	233
CRYAA	-335.0	0.1949	287
CRYAA	-325.0	0.1858	317
CRYAA	-315.0	0.2426	280
CRYAA	-305.0	0.1862	311
CRYAA	-295.0	0.1538	277
CRYAA	-285.0	0.1586	235
CRYAA	-275.0	0.1721	268
CRYAA	-265.0	0.1761	250
CRYAA	-255.0	0.2071	225
CRYAA	-245.0	0.2342	257
CRYAA	-235.0	0.1895	223
CRYAA	-225.0	0.1487	261
CRYAA	-215.0	0.1723	393
CRYAA	-205.0	0.0665	309
CRYAA	-195.0	0.036	307
CRYAA	-185.0	0.017	255
CRYAA	-175.0	0.0368	228
CRYAA	-165.0	0.0416	242
CRYAA	-155.0	0.0508	231
CRYAA	-145.0	0.0245	233
CRYAA	-135.0	0.0528	235
CRYAA	-125.0	0.0595	176
CRYAA	-115.0	0.0235	15
CRYAA	-105.0	0.1323	74
CRYAA	-95.0	0.0165	5
CRYAA	-85.0	0.0657	16
CRYAA	-75.0		0
CRYAA	-65.0		0
CRYAA	-55.0	0.0727	43
CRYAA	-45.0	0.0449	16
CRYAA	-35.0	0.0558	25
CRYAA	-25.0	0.2015	19
CRYAA	-15.0	0.2994	29
CRYAA	-5.0	0.069	70
CRYAA	5.0	0.0163	18
CRYAA	15.0	0.1719	66
CRYAA	25.0	0.0867	243
CRYAA	35.0	0.2268	235
CRYAA	45.0	0.3613	87
CRYAA	55.0		0
CRYAA	65.0		0
CRYAA	75.0		0
CRYAA	85.0		0
CRYAA	95.0	0.2691	136
CRYAA	105.0	0.211	322
CRYAA	115.0	0.226	252
CRYAA	125.0	0.1595	320
CRYAA	135.0	0.2296	353
CRYAA	145.0	0.1934	288
CRYAA	155.0	0.134	296
CRYAA	165.0	0.0953	506
CRYAA	175.0	0.1418	326
CRYAA	185.0	0.1228	278
CRYAA	195.0	0.124	374
CRYAA	205.0	0.1365	225
CRYAA	215.0	0.0786	10
CRYAA	225.0		0
CRYAA	235.0	0.0956	16
CRYAA	245.0		0
CRYAA	255.0		0
CRYAA	265.0		0
CRYAA	275.0		0
CRYAA	285.0		0
CRYAA	295.0	0.0848	46
CRYAA	305.0		0
CRYAA	315.0		0
CRYAA	325.0	0.0791	7
CRYAA	335.0		0
CRYAA	345.0		0
CRYAA	355.0		0
CRYAA	365.0		0
CRYAA	375.0		0
CRYAA	385.0		0
CRYAA	395.0		0
CRYAA	405.0	0.0803	159
CRYAA	415.0	0.0657	327
CRYAA	425.0	0.0716	162
CRYAA	435.0	0.058	201
CRYAA	445.0	0.0537	215
CRYAA	455.0	0.073	166
CRYAA	465.0	0.06	222
CRYAA	475.0	0.0677	205
CRYAA	485.0	0.0682	237
CRYAA	495.0	0.1752	228
CRYAA	505.0	0.1813	193
CRYAA	515.0	0.2208	211
CRYAA	525.0	0.1055	229
CRYAA	535.0	0.0795	282
CRYAA	545.0	0.1708	269
CRYAA	555.0	0.1479	245
CRYAA	565.0	0.0946	278
CRYAA	575.0	0.1147	284
CRYAA	585.0	0.0828	302
CRYAA	595.0	0.0891	304
CRYAA	605.0	0.0593	355
CRYAA	615.0	0.0915	297
CRYAA	625.0	0.0763	275
CRYAA	635.0	0.0521	331
CRYAA	645.0	0.0238	318
CRYAA	655.0	0.0595	426
CRYAA	665.0	0.0681	311
CRYAA	675.0	0.0896	291
CRYAA	685.0	0.0488	289
CRYAA	695.0	0.1128	252
CRYAA	705.0	0.2056	261
CRYAA	715.0	0.1435	228
CRYAA	725.0	0.1143	256
CRYAA	735.0	0.0887	277
CRYAA	745.0	0.174	235
CRYAA	755.0	0.0904	222
CRYAA	765.0	0.1145	291
CRYAA	775.0	0.1204	275
CRYAA	785.0	0.083	299
CRYAA	795.0	0.0942	285
CRYAA	805.0	0.0631	270
CRYAA	815.0	0.0755	262
CRYAA	825.0	0.0932	322
CRYAA	835.0	0.1773	269
CRYAA	845.0	0.2345	237
CRYAA	855.0	0.2739	202
CRYAA	865.0	0.2541	206
CRYAA	875.0	0.1423	218
CRYAA	885.0	0.1828	193
CRYAA	895.0	0.1579	214
CRYAA	905.0	0.1777	206
CRYAA	915.0	0.1514	246
CRYAA	925.0	0.2004	146
CRYAA	935.0	0.0092	8
CRYAA	945.0		0
CRYAA	955.0		0
CRYAA	965.0		0
CRYAA	975.0	0.1109	11
CRYAA	985.0	0.0458	20
CRYAA	995.0	0.0282	14
KCNE1	-995.0	0.0998	218
KCNE1	-985.0	0.1047	231
KCNE1	-975.0	0.056	215
KCNE1	-965.0	0.0985	195
KCNE1	-955.0	0.0833	225
KCNE1	-945.0	0.0724	185
KCNE1	-935.0	0.0764	223
KCNE1	-925.0	0.1182	157
KCNE1	-915.0	0.163	167
KCNE1	-905.0	0.0493	189
KCNE1	-895.0	0.0547	194
KCNE1	-885.0	0.0573	199
KCNE1	-875.0	0.0712	191
KCNE1	-865.0	0.0987	168
KCNE1	-855.0	0.1403	205
KCNE1	-845.0	0.057	191
KCNE1	-835.0	0.0888	196
KCNE1	-825.0	0.0868	205
KCNE1	-815.0	0.1024	208
KCNE1	-805.0	0.1201	220
KCNE1	-795.0	0.1108	195
KCNE1	-785.0	0.0997	207
KCNE1	-775.0	0.1284	232
KCNE1	-765.0	0.1174	203
KCNE1	-755.0	0.0763	205
KCNE1	-745.0	0.0844	183
KCNE1	-735.0	0.0871	210
KCNE1	-725.0	0.0389	202
KCNE1	-715.0	0.1388	186
KCNE1	-705.0	0.1164	239
KCNE1	-695.0	0.0431	158
KCNE1	-685.0	0.0789	161
KCNE1	-675.0	0.0631	198
KCNE1	-665.0	0.0927	161
KCNE1	-655.0	0.0713	177
KCNE1	-645.0	0.0898	240
KCNE1	-635.0	0.1681	220
KCNE1	-625.0	0.123	269
KCNE1	-615.0	0.1781	226
KCNE1	-605.0	0.1553	241
KCNE1	-595.0	0.1739	203
KCNE1	-585.0	0.0454	189
KCNE1	-575.0	0.0601	216
KCNE1	-565.0	0.0515	213
KCNE1	-555.0	0.047	213
KCNE1	-545.0	0.1073	225
KCNE1	-535.0	0.078	204
KCNE1	-525.0	0.0498	187
KCNE1	-515.0	0.0966	205
KCNE1	-505.0	0.1078	268
KCNE1	-495.0	0.1201	276
KCNE1	-485.0	0.1545	223
KCNE1	-475.0	0.1091	206
KCNE1	-465.0	0.0922	229
KCNE1	-455.0	0.0785	210
KCNE1	-445.0	0.1631	234
KCNE1	-435.0	0.1074	217
KCNE1	-425.0	0.0657	236
KCNE1	-415.0	0.057	170
KCNE1	-405.0	0.07	237
KCNE1	-395.0	0.3397	200
KCNE1	-385.0	0.1189	174
KCNE1	-375.0	0.1708	193
KCNE1	-365.0	0.1461	181
KCNE1	-355.0	0.1706	221
KCNE1	-345.0	0.1938	214
KCNE1	-335.0	0.2002	232
KCNE1	-325.0	0.094	230
KCNE1	-315.0	0.1292	236
KCNE1	-305.0	0.1679	166
KCNE1	-295.0	0.213	207
KCNE1	-285.0	0.1642	243
KCNE1	-275.0	0.0607	240
KCNE1	-265.0	0.1137	202
KCNE1	-255.0	0.0744	241
KCNE1	-245.0	0.1388	222
KCNE1	-235.0	0.0752	234
KCNE1	-225.0	0.1197	206
KCNE1	-215.0	0.1178	188
KCNE1	-205.0	0.0721	216
KCNE1	-195.0	0.0251	221
KCNE1	-185.0	0.0415	204
KCNE1	-175.0	0.0399	196
KCNE1	-165.0	0.085	214
KCNE1	-155.0	0.1268	207
KCNE1	-145.0	0.1979	184
KCNE1	-135.0	0.0792	232
KCNE1	-125.0	0.1641	242
KCNE1	-115.0	0.1366	259
KCNE1	-105.0	0.2084	73
KCNE1	-95.0	0.0116	6
KCNE1	-85.0		0
KCNE1	-75.0		0
KCNE1	-65.0		0
KCNE1	-55.0		0
KCNE1	-45.0		0
KCNE1	-35.0	0.0358	15
KCNE1	-25.0		0
KCNE1	-15.0		0
KCNE1	-5.0		0
KCNE1	5.0		0
KCNE1	15.0	0.0358	109
KCNE1	25.0	0.0629	222
KCNE1	35.0	0.0745	243
KCNE1	45.0	0.0679	215
KCNE1	55.0	0.1212	286
KCNE1	65.0	0.1268	253
KCNE1	75.0	0.1147	242
KCNE1	85.0	0.1043	256
KCNE1	95.0	0.0547	183
KCNE1	105.0	0.0677	203
KCNE1	115.0	0.0431	222
KCNE1	125.0	0.0811	220
KCNE1	135.0	0.0533	216
KCNE1	145.0	0.0286	238
KCNE1	155.0	0.07	238
KCNE1	165.0	0.0242	276
KCNE1	175.0	0.0686	257
KCNE1	185.0	0.0542	265
KCNE1	195.0	0.0697	254
KCNE1	205.0	0.0587	264
KCNE1	215.0	0.0728	202
KCNE1	225.0	0.0505	207
KCNE1	235.0	0.0749	242
KCNE1	245.0	0.0594	229
KCNE1	255.0	0.04	246
KCNE1	265.0	0.058	252
KCNE1	275.0	0.1143	268
KCNE1	285.0	0.1627	192
KCNE1	295.0	0.0637	221
KCNE1	305.0	0.126	215
KCNE1	315.0	0.1291	204
KCNE1	325.0	0.1525	166
KCNE1	335.0	0.2173	192
KCNE1	345.0	0.269	203
KCNE1	355.0	0.1761	204
KCNE1	365.0	0.0715	232
KCNE1	375.0	0.1432	207
KCNE1	385.0	0.1527	211
KCNE1	395.0	0.1342	244
KCNE1	405.0	0.1785	207
KCNE1	415.0	0.1608	205
KCNE1	425.0	0.1868	220
KCNE1	435.0	0.305	192
KCNE1	445.0	0.2796	221
KCNE1	455.0	0.2701	220
KCNE1	465.0	0.3329	221
KCNE1	475.0	0.2755	199
KCNE1	485.0	0.0572	253
KCNE1	495.0	0.0503	244
KCNE1	505.0	0.1842	200
KCNE1	515.0	0.144	275
KCNE1	525.0	0.0335	209
KCNE1	535.0	0.1091	219
KCNE1	545.0	0.0561	185
KCNE1	555.0	0.113	212
KCNE1	565.0	0.1232	239
KCNE1	575.0	0.041	190
KCNE1	585.0	0.0467	197
KCNE1	595.0	0.0778	231
KCNE1	605.0	0.0856	204
KCNE1	615.0	0.1077	209
KCNE1	625.0	0.0776	202
KCNE1	635.0	0.2047	221
KCNE1	645.0	0.1779	205
KCNE1	655.0	0.1227	244
KCNE1	665.0	0.1452	211
KCNE1	675.0	0.2791	264
KCNE1	685.0	0.2399	220
KCNE1	695.0	0.2002	235
KCNE1	705.0	0.1784	238
KCNE1	715.0	0.3901	238
KCNE1	725.0	0.3213	235
KCNE1	735.0	0.2033	219
KCNE1	745.0	0.2448	246
KCNE1	755.0	0.1828	197
KCNE1	765.0	0.2402	203
KCNE1	775.0	0.1995	209
KCNE1	785.0	0.0826	223
KCNE1	795.0	0.101	229
KCNE1	805.0	0.2453	248
KCNE1	815.0	0.1474	190
KCNE1	825.0	0.2771	225
KCNE1	835.0	0.2462	226
KCNE1	845.0	0.216	244
KCNE1	855.0	0.1859	268
KCNE1	865.0	0.1439	254
KCNE1	875.0	0.1943	217
KCNE1	885.0	0.1331	219
KCNE1	895.0	0.1001	211
KCNE1	905.0	0.1023	215
KCNE1	915.0	0.0989	210
KCNE1	925.0	0.117	217
KCNE1	935.0	0.0841	202
KCNE1	945.0	0.0737	232
KCNE1	955.0	0.1191	193
KCNE1	965.0	0.1135	202
KCNE1	975.0	0.1049	206
KCNE1	985.0	0.0619	210
KCNE1	995.0	0.0792	193
LINC01678	-995.0	0.0739	80
LINC01678	-985.0		0
LINC01678	-975.0	0.099	81
LINC01678	-965.0	0.075	240
LINC01678	-955.0	0.1495	245
LINC01678	-945.0	0.2364	65
LINC01678	-935.0		0
LINC01678	-925.0		0
LINC01678	-915.0		0
LINC01678	-905.0		0
LINC01678	-895.0	0.236	151
LINC01678	-885.0	0.2066	320
LINC01678	-875.0	0.3204	263
LINC01678	-865.0	0.2002	314
LINC01678	-855.0	0.2473	345
LINC01678	-845.0	0.2448	304
LINC01678	-835.0	0.1456	294
LINC01678	-825.0	0.0807	502
LINC01678	-815.0	0.0954	318
LINC01678	-805.0	0.1379	290
LINC01678	-795.0	0.1594	366
LINC01678	-785.0	0.2441	209
LINC01678	-775.0	0.0786	10
LINC01678	-765.0		0
LINC01678	-755.0	0.1342	16
LINC01678	-745.0		0
LINC01678	-735.0		0
LINC01678	-725.0		0
LINC01678	-715.0		0
LINC01678	-705.0		0
LINC01678	-695.0	0.0732	46
LINC01678	-685.0		0
LINC01678	-675.0		0
LINC01678	-665.0	0.0791	7
LINC01678	-655.0		0
LINC01678	-645.0		0
LINC01678	-635.0		0
LINC01678	-625.0		0
LINC01678	-615.0		0
LINC01678	-605.0		0
LINC01678	-595.0		0
LINC01678	-585.0	0.0674	171
LINC01678	-575.0	0.085	325
LINC01678	-565.0	0.0717	163
LINC01678	-555.0	0.058	199
LINC01678	-545.0	0.077	214
LINC01678	-535.0	0.1002	175
LINC01678	-525.0	0.1093	221
LINC01678	-515.0	0.0852	200
LINC01678	-505.0	0.052	236
LINC01678	-495.0	0.1971	232
LINC01678	-485.0	0.1776	193
LINC01678	-475.0	0.2248	209
LINC01678	-465.0	0.1021	231
LINC01678	-455.0	0.0831	284
LINC01678	-445.0	0.1348	268
LINC01678	-435.0	0.0658	245
LINC01678	-425.0	0.1206	278
LINC01678	-415.0	0.1005	284
LINC01678	-405.0	0.0608	300
LINC01678	-395.0	0.0668	311
LINC01678	-385.0	0.1238	350
LINC01678	-375.0	0.2056	301
LINC01678	-365.0	0.17	275
LINC01678	-355.0	0.1959	329
LINC01678	-345.0	0.1568	320
LINC01678	-335.0	0.1365	424
LINC01678	-325.0	0.1442	315
LINC01678	-315.0	0.0914	284
LINC01678	-305.0	0.0622	289
LINC01678	-295.0	0.125	253
LINC01678	-285.0	0.1801	264
LINC01678	-275.0	0.1496	220
LINC01678	-265.0	0.1164	266
LINC01678	-255.0	0.1023	273
LINC01678	-245.0	0.1946	229
LINC01678	-235.0	0.0801	236
LINC01678	-225.0	0.0996	281
LINC01678	-215.0	0.1006	271
LINC01678	-205.0	0.1046	301
LINC01678	-195.0	0.1333	293
LINC01678	-185.0	0.1047	259
LINC01678	-175.0	0.1463	268
LINC01678	-165.0	0.1735	323
LINC01678	-155.0	0.3488	266
LINC01678	-145.0	0.4873	238
LINC01678	-135.0	0.513	204
LINC01678	-125.0	0.5178	200
LINC01678	-115.0	0.331	216
LINC01678	-105.0	0.3678	194
LINC01678	-95.0	0.409	215
LINC01678	-85.0	0.4008	205
LINC01678	-75.0	0.3559	248
LINC01678	-65.0	0.4022	135
LINC01678	-55.0	0.0092	8
LINC01678	-45.0		0
LINC01678	-35.0		0
LINC01678	-25.0	0.2954	4
LINC01678	-15.0	0.0097	7
LINC01678	-5.0	0.0415	33
LINC01678	5.0		1
LINC01678	15.0	0.0953	13
LINC01678	25.0	0.0028	12
LINC01678	35.0	0.0282	16
LINC01678	45.0	0.0326	31
LINC01678	55.0	0.2108	20
LINC01678	65.0		0
LINC01678	75.0		0
LINC01678	85.0		0
LINC01678	95.0	0.1543	201
LINC01678	105.0	0.1541	308
LINC01678	115.0	0.0835	271
LINC01678	125.0	0.175	382
LINC01678	135.0	0.1365	330
LINC01678	145.0	0.1065	298
LINC01678	155.0	0.1018	295
LINC01678	165.0	0.1584	347
LINC01678	175.0	0.1371	316
LINC01678	185.0	0.1961	268
LINC01678	195.0	0.1983	249
LINC01678	205.0	0.1498	260
LINC01678	215.0	0.1354	285
LINC01678	225.0	0.1417	233
LINC01678	235.0	0.1077	240
LINC01678	245.0	0.1113	370
LINC01678	255.0	0.105	303
LINC01678	265.0	0.2591	286
LINC01678	275.0	0.1667	344
LINC01678	285.0	0.2025	293
LINC01678	295.0	0.1125	242
LINC01678	305.0	0.1178	281
LINC01678	315.0	0.1115	231
LINC01678	325.0	0.1534	252
LINC01678	335.0	0.202	258
LINC01678	345.0	0.0529	513
LINC01678	355.0	0.1502	382
LINC01678	365.0	0.189	279
LINC01678	375.0	0.1319	318
LINC01678	385.0	0.0864	268
LINC01678	395.0	0.0577	340
LINC01678	405.0	0.0494	232
LINC01678	415.0	0.106	394
LINC01678	425.0	0.122	305
LINC01678	435.0	0.261	348
LINC01678	445.0	0.2616	352
LINC01678	455.0	0.1702	289
LINC01678	465.0	0.1967	328
LINC01678	475.0	0.1214	309
LINC01678	485.0	0.0709	298
LINC01678	495.0	0.0584	291
LINC01678	505.0	0.0593	262
LINC01678	515.0	0.0317	323
LINC01678	525.0	0.0136	315
LINC01678	535.0	0.1034	261
LINC01678	545.0	0.0784	322
LINC01678	555.0	0.0343	203
LINC01678	565.0	0.0665	244
LINC01678	575.0	0.2099	269
LINC01678	585.0	0.1289	238
LINC01678	595.0	0.1738	354
LINC01678	605.0	0.0693	307
LINC01678	615.0	0.0665	213
LINC01678	625.0	0.0772	226
LINC01678	635.0	0.1023	215
LINC01678	645.0	0.0915	205
LINC01678	655.0	0.1997	280
LINC01678	665.0	0.1682	304
LINC01678	675.0	0.0658	288
LINC01678	685.0	0.1549	342
LINC01678	695.0	0.1821	321
LINC01678	705.0	0.2016	315
LINC01678	715.0	0.1542	274
LINC01678	725.0	0.2503	304
LINC01678	735.0	0.085	318
LINC01678	745.0	0.0775	345
LINC01678	755.0	0.1567	337
LINC01678	765.0	0.2143	300
LINC01678	775.0	0.2689	259
LINC01678	785.0	0.1448	274
LINC01678	795.0	0.1864	324
LINC01678	805.0	0.1863	287
LINC01678	815.0	0.2088	341
LINC01678	825.0	0.1329	370
LINC01678	835.0	0.1884	370
LINC01678	845.0	0.2033	315
LINC01678	855.0	0.1345	268
LINC01678	865.0	0.1675	272
LINC01678	875.0	0.2583	291
LINC01678	885.0	0.1313	245
LINC01678	895.0	0.1273	250
LINC01678	905.0	0.088	204
LINC01678	915.0	0.0782	264
LINC01678	925.0	0.055	199
LINC01678	935.0	0.082	225
LINC01678	945.0	0.0347	215
LINC01678	955.0	0.0431	212
LINC01678	965.0	0.0454	205
LINC01678	975.0	0.0722	298
LINC01678	985.0	0.0725	231
LINC01678	995.0	0.0685	242
LOC102724428	-995.0	0.0582	49
LOC102724428	-985.0	0.0196	22
LOC102724428	-975.0	0.0286	33
LOC102724428	-965.0	0.0751	29
LOC102724428	-955.0		0
LOC102724428	-945.0		0
LOC102724428	-935.0		0
LOC102724428	-925.0		0
LOC102724428	-915.0		0
LOC102724428	-905.0	0.0372	35
LOC102724428	-895.0	0.1353	25
LOC102724428	-885.0	0.1379	48
LOC102724428	-875.0	0.11	550
LOC102724428	-865.0	0.1789	283
LOC102724428	-855.0	0.0568	36
LOC102724428	-845.0	0.0883	127
LOC102724428	-835.0	0.0296	131
LOC102724428	-825.0	0.0909	882
LOC102724428	-815.0	0.0775	392
LOC102724428	-805.0	0.0761	588
LOC102724428	-795.0	0.0624	435
LOC102724428	-785.0	0.0495	250
LOC102724428	-775.0	0.0544	388
LOC102724428	-765.0	0.0574	281
LOC102724428	-755.0	0.0771	187
LOC102724428	-745.0	0.1198	335
LOC102724428	-735.0	0.0952	293
LOC102724428	-725.0	0.0917	123
LOC102724428	-715.0		0
LOC102724428	-705.0		0
LOC102724428	-695.0		0
LOC102724428	-685.0		0
LOC102724428	-675.0		0
LOC102724428	-665.0		0
LOC102724428	-655.0		0
LOC102724428	-645.0		0
LOC102724428	-635.0		0
LOC102724428	-625.0		0
LOC102724428	-615.0		0
LOC102724428	-605.0		0
LOC102724428	-595.0		0
LOC102724428	-585.0		0
LOC102724428	-575.0		0
LOC102724428	-565.0		0
LOC102724428	-555.0		0
LOC102724428	-545.0		0
LOC102724428	-535.0		0
LOC102724428	-525.0		0
LOC102724428	-515.0		0
LOC102724428	-505.0		0
LOC102724428	-495.0		0
LOC102724428	-485.0		0
LOC102724428	-475.0		0
LOC102724428	-465.0		0
LOC102724428	-455.0		0
LOC102724428	-445.0		0
LOC102724428	-435.0		0
LOC102724428	-425.0		0
LOC102724428	-415.0		0
LOC102724428	-405.0		0
LOC102724428	-395.0		0
LOC102724428	-385.0		0
LOC102724428	-375.0		0
LOC102724428	-365.0		0
LOC102724428	-355.0		0
LOC102724428	-345.0		0
LOC102724428	-335.0		0
LOC102724428	-325.0		0
LOC102724428	-315.0		0
LOC102724428	-305.0		0
LOC102724428	-295.0		0
LOC102724428	-285.0		0
LOC102724428	-275.0		0
LOC102724428	-265.0		0
LOC102724428	-255.0		0
LOC102724428	-245.0		0
LOC102724428	-235.0		0
LOC102724428	-225.0		0
LOC102724428	-215.0		0
LOC102724428	-205.0		0
LOC102724428	-195.0		0
LOC102724428	-185.0		0
LOC102724428	-175.0		0
LOC102724428	-165.0		0
LOC102724428	-155.0		0
LOC102724428	-145.0		0
LOC102724428	-135.0		0
LOC102724428	-125.0		0
LOC102724428	-115.0	0.0169	4
LOC102724428	-105.0		0
LOC102724428	-95.0		0
LOC102724428	-85.0		0
LOC102724428	-75.0		0
LOC102724428	-65.0		0
LOC102724428	-55.0	0.0215	4
LOC102724428	-45.0	0.0725	36
LOC102724428	-35.0		0
LOC102724428	-25.0		0
LOC102724428	-15.0		0
LOC102724428	-5.0	0.0689	14
LOC102724428	5.0	0.0799	131
LOC102724428	15.0	0.054	60
LOC102724428	25.0		0
LOC102724428	35.0	0.0538	23
LOC102724428	45.0		0
LOC102724428	55.0		0
LOC102724428	65.0		0
LOC102724428	75.0		0
LOC102724428	85.0		0
LOC102724428	95.0		0
LOC102724428	105.0		0
LOC102724428	115.0		0
LOC102724428	125.0		0
LOC102724428	135.0		0
LOC102724428	145.0		0
LOC102724428	155.0		0
LOC102724428	165.0		0
LOC102724428	175.0		0
LOC102724428	185.0		0
LOC102724428	195.0		0
LOC102724428	205.0		0
LOC102724428	215.0		0
LOC102724428	225.0		0
LOC102724428	235.0		0
LOC102724428	245.0	0.0664	225
LOC102724428	255.0	0.0374	331
LOC102724428	265.0		0
LOC102724428	275.0		0
LOC102724428	285.0		0
LOC102724428	295.0		0
LOC102724428	305.0	0.0386	7
LOC102724428	315.0	0.098	35
LOC102724428	325.0	0.3019	21
LOC102724428	335.0	0.0629	17
LOC102724428	345.0	0.0	3
LOC102724428	355.0		0
LOC102724428	365.0		0
LOC102724428	375.0		0
LOC102724428	385.0		0
LOC102724428	395.0	0.0169	16
LOC102724428	405.0		0
LOC102724428	415.0		0
LOC102724428	425.0		0
LOC102724428	435.0		0
LOC102724428	445.0	0.0302	105
LOC102724428	455.0		0
LOC102724428	465.0		0
LOC102724428	475.0		0
LOC102724428	485.0		0
LOC102724428	495.0		0
LOC102724428	505.0		0
LOC102724428	515.0		0
LOC102724428	525.0		0
LOC102724428	535.0		0
LOC102724428	545.0		0
LOC102724428	555.0		0
LOC102724428	565.0		0
LOC102724428	575.0		0
LOC102724428	585.0		0
LOC102724428	595.0		0
LOC102724428	605.0		0
LOC102724428	615.0		0
LOC102724428	625.0		0
LOC102724428	635.0		0
LOC102724428	645.0		0
LOC102724428	655.0		0
LOC102724428	665.0		0
LOC102724428	675.0	0.0108	4
LOC102724428	685.0		0
LOC102724428	695.0		0
LOC102724428	705.0		1
LOC102724428	715.0		0
LOC102724428	725.0		0
LOC102724428	735.0		4
LOC102724428	745.0		0
LOC102724428	755.0		0
LOC102724428	765.0	0.0362	27
LOC102724428	775.0	0.0861	34
LOC102724428	785.0	0.1701	27
LOC102724428	795.0	0.0345	9
LOC102724428	805.0		0
LOC102724428	815.0		0
LOC102724428	825.0		0
LOC102724428	835.0		0
LOC102724428	845.0		0
LOC102724428	855.0		0
LOC102724428	865.0		0
LOC102724428	875.0		0
LOC102724428	885.0		0
LOC102724428	895.0		0
LOC102724428	905.0		0
LOC102724428	915.0		0
LOC102724428	925.0		0
LOC102724428	935.0		0
LOC102724428	945.0		0
LOC102724428	955.0		0
LOC102724428	965.0		0
LOC102724428	975.0		0
LOC102724428	985.0		0
LOC102724428	995.0		0
LOC102724560	-995.0		0
LOC102724560	-985.0		0
LOC102724560	-975.0		0
LOC102724560	-965.0		0
LOC102724560	-955.0		0
LOC102724560	-945.0		0
LOC102724560	-935.0		0
LOC102724560	-925.0		0
LOC102724560	-915.0		0
LOC102724560	-905.0		0
LOC102724560	-895.0		0
LOC102724560	-885.0		0
LOC102724560	-875.0		0
LOC102724560	-865.0		0
LOC102724560	-855.0		0
LOC102724560	-845.0		0
LOC102724560	-835.0		0
LOC102724560	-825.0		0
LOC102724560	-815.0		0
LOC102724560	-805.0		0
LOC102724560	-795.0		0
LOC102724560	-785.0		0
LOC102724560	-775.0		0
LOC102724560	-765.0		0
LOC102724560	-755.0		0
LOC102724560	-745.0		0
LOC102724560	-735.0		0
LOC102724560	-725.0		0
LOC102724560	-715.0		0
LOC102724560	-705.0		0
LOC102724560	-695.0		0
LOC102724560	-685.0		0
LOC102724560	-675.0		0
LOC102724560	-665.0		0
LOC102724560	-655.0		0
LOC102724560	-645.0		0
LOC102724560	-635.0		0
LOC102724560	-625.0		0
LOC102724560	-615.0		0
LOC102724560	-605.0		0
LOC102724560	-595.0		0
LOC102724560	-585.0		0
LOC102724560	-575.0		0
LOC102724560	-565.0		0
LOC102724560	-555.0		0
LOC102724560	-545.0		0
LOC102724560	-535.0		0
LOC102724560	-525.0		0
LOC102724560	-515.0		0
LOC102724560	-505.0		0
LOC102724560	-495.0		0
LOC102724560	-485.0		0
LOC102724560	-475.0		0
LOC102724560	-465.0		0
LOC102724560	-455.0		0
LOC102724560	-445.0	0.0169	4
LOC102724560	-435.0		0
LOC102724560	-425.0		0
LOC102724560	-415.0		0
LOC102724560	-405.0		0
LOC102724560	-395.0		0
LOC102724560	-385.0		0
LOC102724560	-375.0	0.0677	40
LOC102724560	-365.0		0
LOC102724560	-355.0		0
LOC102724560	-345.0		0
LOC102724560	-335.0	0.0924	8
LOC102724560	-325.0	0.0779	137
LOC102724560	-315.0	0.054	60
LOC102724560	-305.0		0
LOC102724560	-295.0	0.0538	23
LOC102724560	-285.0		0
LOC102724560	-275.0		0
LOC102724560	-265.0		0
LOC102724560	-255.0		0
LOC102724560	-245.0		0
LOC102724560	-235.0		0
LOC102724560	-225.0		0
LOC102724560	-215.0		0
LOC102724560	-205.0		0
LOC102724560	-195.0		0
LOC102724560	-185.0		0
LOC102724560	-175.0		0
LOC102724560	-165.0		0
LOC102724560	-155.0		0
LOC102724560	-145.0		0
LOC102724560	-135.0		0
LOC102724560	-125.0		0
LOC102724560	-115.0		0
LOC102724560	-105.0		0
LOC102724560	-95.0		0
LOC102724560	-85.0	0.0612	154
LOC102724560	-75.0	0.0415	402
LOC102724560	-65.0		0
LOC102724560	-55.0		0
LOC102724560	-45.0		0
LOC102724560	-35.0		0
LOC102724560	-25.0		0
LOC102724560	-15.0	0.0339	18
LOC102724560	-5.0	0.1091	28
LOC102724560	5.0	0.3066	17
LOC102724560	15.0	0.0625	20
LOC102724560	25.0		0
LOC102724560	35.0		0
LOC102724560	45.0		0
LOC102724560	55.0		0
LOC102724560	65.0	0.0169	16
LOC102724560	75.0		0
LOC102724560	85.0		0
LOC102724560	95.0		0
LOC102724560	105.0		0
LOC102724560	115.0	0.0302	105
LOC102724560	125.0		0
LOC102724560	135.0		0
LOC102724560	145.0		0
LOC102724560	155.0		0
LOC102724560	165.0		0
LOC102724560	175.0		0
LOC102724560	185.0		0
LOC102724560	195.0		0
LOC102724560	205.0		0
LOC102724560	215.0		0
LOC102724560	225.0		0
LOC102724560	235.0		0
LOC102724560	245.0		0
LOC102724560	255.0		0
LOC102724560	265.0		0
LOC102724560	275.0		0
LOC102724560	285.0		0
LOC102724560	295.0		0
LOC102724560	305.0		0
LOC102724560	315.0		0
LOC102724560	325.0		0
LOC102724560	335.0		0
LOC102724560	345.0	0.0068	2
LOC102724560	355.0	0.0141	2
LOC102724560	365.0		0
LOC102724560	375.0		1
LOC102724560	385.0		0
LOC102724560	395.0		0
LOC102724560	405.0		4
LOC102724560	415.0		0
LOC102724560	425.0		0
LOC102724560	435.0	0.0388	22
LOC102724560	445.0	0.0882	37
LOC102724560	455.0	0.1626	29
LOC102724560	465.0	0.0345	9
LOC102724560	475.0		0
LOC102724560	485.0		0
LOC102724560	495.0		0
LOC102724560	505.0		0
LOC102724560	515.0		0
LOC102724560	525.0		0
LOC102724560	535.0		0
LOC102724560	545.0		0
LOC102724560	555.0		0
LOC102724560	565.0		0
LOC102724560	575.0		0
LOC102724560	585.0		0
LOC102724560	595.0		0
LOC102724560	605.0		0
LOC102724560	615.0		0
LOC102724560	625.0		0
LOC102724560	635.0		0
LOC102724560	645.0		0
LOC102724560	655.0		0
LOC102724560	665.0		0
LOC102724560	675.0		0
LOC102724560	685.0		0
LOC102724560	695.0		0
LOC102724560	705.0		0
LOC102724560	715.0		0
LOC102724560	725.0		0
LOC102724560	735.0		0
LOC102724560	745.0		0
LOC102724560	755.0	0.051	166
LOC102724560	765.0	0.0546	75
LOC102724560	775.0	0.0327	220
LOC102724560	785.0	0.0822	581
LOC102724560	795.0	0.0888	531
LOC102724560	805.0	0.0433	245
LOC102724560	815.0	0.0657	378
LOC102724560	825.0	0.0657	665
LOC102724560	835.0	0.0901	832
LOC102724560	845.0	0.0947	387
LOC102724560	855.0	0.0611	736
LOC102724560	865.0	0.0759	717
LOC102724560	875.0	0.1045	596
LOC102724560	885.0		0
LOC102724560	895.0		0
LOC102724560	905.0		0
LOC102724560	915.0		0
LOC102724560	925.0		0
LOC102724560	935.0		0
LOC102724560	945.0		0
LOC102724560	955.0		0
LOC102724560	965.0		0
LOC102724560	975.0		0
LOC102724560	985.0		0
LOC102724560	995.0		0
LOC102725065	-995.0	0.2224	109
LOC102725065	-985.0		0
LOC102725065	-975.0		0
LOC102725065	-965.0		0
LOC102725065	-955.0		0
LOC102725065	-945.0	0.2187	108
LOC102725065	-935.0	0.2238	319
LOC102725065	-925.0	0.3174	263
LOC102725065	-915.0	0.1903	293
LOC102725065	-905.0	0.2426	375
LOC102725065	-895.0	0.2416	279
LOC102725065	-885.0	0.1699	299
LOC102725065	-875.0	0.1017	509
LOC102725065	-865.0	0.0946	325
LOC102725065	-855.0	0.1064	276
LOC102725065	-845.0	0.146	365
LOC102725065	-835.0	0.2524	265
LOC102725065	-825.0	0.0786	10
LOC102725065	-815.0		0
LOC102725065	-805.0	0.1342	16
LOC102725065	-795.0		0
LOC102725065	-785.0		0
LOC102725065	-775.0		0
LOC102725065	-765.0		0
LOC102725065	-755.0		0
LOC102725065	-745.0	0.0732	46
LOC102725065	-735.0		0
LOC102725065	-725.0		0
LOC102725065	-715.0	0.0791	7
LOC102725065	-705.0		0
LOC102725065	-695.0		0
LOC102725065	-685.0		0
LOC102725065	-675.0		0
LOC102725065	-665.0		0
LOC102725065	-655.0		0
LOC102725065	-645.0		0
LOC102725065	-635.0	0.0744	131
LOC102725065	-625.0	0.0741	337
LOC102725065	-615.0	0.0772	156
LOC102725065	-605.0	0.0551	198
LOC102725065	-595.0	0.072	215
LOC102725065	-585.0	0.0943	176
LOC102725065	-575.0	0.0926	222
LOC102725065	-565.0	0.0977	204
LOC102725065	-555.0	0.0599	224
LOC102725065	-545.0	0.1885	228
LOC102725065	-535.0	0.156	208
LOC102725065	-525.0	0.2187	207
LOC102725065	-515.0	0.1531	220
LOC102725065	-505.0	0.0696	269
LOC102725065	-495.0	0.1346	278
LOC102725065	-485.0	0.0663	251
LOC102725065	-475.0	0.1017	266
LOC102725065	-465.0	0.1161	296
LOC102725065	-455.0	0.0502	301
LOC102725065	-445.0	0.0746	287
LOC102725065	-435.0	0.1005	363
LOC102725065	-425.0	0.179	305
LOC102725065	-415.0	0.1998	276
LOC102725065	-405.0	0.197	307
LOC102725065	-395.0	0.15	338
LOC102725065	-385.0	0.1428	424
LOC102725065	-375.0	0.144	321
LOC102725065	-365.0	0.1013	283
LOC102725065	-355.0	0.0653	298
LOC102725065	-345.0	0.1195	260
LOC102725065	-335.0	0.1772	251
LOC102725065	-325.0	0.1583	234
LOC102725065	-315.0	0.1147	250
LOC102725065	-305.0	0.1038	279
LOC102725065	-295.0	0.1802	239
LOC102725065	-285.0	0.0941	210
LOC102725065	-275.0	0.098	298
LOC102725065	-265.0	0.1064	264
LOC102725065	-255.0	0.0984	291
LOC102725065	-245.0	0.1051	306
LOC102725065	-235.0	0.1419	270
LOC102725065	-225.0	0.1	253
LOC102725065	-215.0	0.1894	325
LOC102725065	-205.0	0.2873	269
LOC102725065	-195.0	0.4765	243
LOC102725065	-185.0	0.4976	198
LOC102725065	-175.0	0.5412	212
LOC102725065	-165.0	0.3534	223
LOC102725065	-155.0	0.3631	179
LOC102725065	-145.0	0.3985	225
LOC102725065	-135.0	0.3685	206
LOC102725065	-125.0	0.4272	200
LOC102725065	-115.0	0.3849	210
LOC102725065	-105.0	0.0092	8
LOC102725065	-95.0		0
LOC102725065	-85.0		0
LOC102725065	-75.0		0
LOC102725065	-65.0	0.2716	11
LOC102725065	-55.0	0.0536	15
LOC102725065	-45.0	0.0297	19
LOC102725065	-35.0	0.0973	8
LOC102725065	-25.0	0.0025	17
LOC102725065	-15.0	0.0282	16
LOC102725065	-5.0	0.0343	20
LOC102725065	5.0	0.2002	31
LOC102725065	15.0		0
LOC102725065	25.0		0
LOC102725065	35.0		0
LOC102725065	45.0	0.1459	159
LOC102725065	55.0	0.1591	312
LOC102725065	65.0	0.0862	264
LOC102725065	75.0	0.153	366
LOC102725065	85.0	0.1582	371
LOC102725065	95.0	0.1069	276
LOC102725065	105.0	0.0994	293
LOC102725065	115.0	0.1609	325
LOC102725065	125.0	0.1484	323
LOC102725065	135.0	0.1683	277
LOC102725065	145.0	0.1981	250
LOC102725065	155.0	0.1675	270
LOC102725065	165.0	0.1355	273
LOC102725065	175.0	0.1386	253
LOC102725065	185.0	0.1257	228
LOC102725065	195.0	0.1116	353
LOC102725065	205.0	0.1051	323
LOC102725065	215.0	0.2449	281
LOC102725065	225.0	0.1791	331
LOC102725065	235.0	0.2054	302
LOC102725065	245.0	0.098	251
LOC102725065	255.0	0.0974	281
LOC102725065	265.0	0.1216	209
LOC102725065	275.0	0.1609	277
LOC102725065	285.0	0.1997	252
LOC102725065	295.0	0.0607	476
LOC102725065	305.0	0.1237	404
LOC102725065	315.0	0.1652	292
LOC102725065	325.0	0.1966	280
LOC102725065	335.0	0.0548	302
LOC102725065	345.0	0.0634	337
LOC102725065	355.0	0.072	230
LOC102725065	365.0	0.0926	367
LOC102725065	375.0	0.1264	317
LOC102725065	385.0	0.2426	384
LOC102725065	395.0	0.2585	350
LOC102725065	405.0	0.1563	294
LOC102725065	415.0	0.2305	290
LOC102725065	425.0	0.1294	303
LOC102725065	435.0	0.0693	314
LOC102725065	445.0	0.0613	311
LOC102725065	455.0	0.062	256
LOC102725065	465.0	0.0392	312
LOC102725065	475.0	0.0131	320
LOC102725065	485.0	0.0829	256
LOC102725065	495.0	0.0879	327
LOC102725065	505.0	0.0358	226
LOC102725065	515.0	0.0578	228
LOC102725065	525.0	0.2267	278
LOC102725065	535.0	0.1214	220
LOC102725065	545.0	0.1765	364
LOC102725065	555.0	0.082	300
LOC102725065	565.0	0.0617	225
LOC102725065	575.0	0.0847	221
LOC102725065	585.0	0.0924	232
LOC102725065	595.0	0.0986	188
LOC102725065	605.0	0.2062	268
LOC102725065	615.0	0.152	330
LOC102725065	625.0	0.0988	264
LOC102725065	635.0	0.1404	332
LOC102725065	645.0	0.1619	317
LOC102725065	655.0	0.2126	329
LOC102725065	665.0	0.1729	300
LOC102725065	675.0	0.2316	264
LOC102725065	685.0	0.0872	326
LOC102725065	695.0	0.0922	350
LOC102725065	705.0	0.0815	307
LOC102725065	715.0	0.2143	337
LOC102725065	725.0	0.2848	269
LOC102725065	735.0	0.1295	249
LOC102725065	745.0	0.1743	326
LOC102725065	755.0	0.1922	287
LOC102725065	765.0	0.2107	342
LOC102725065	775.0	0.1339	356
LOC102725065	785.0	0.1464	394
LOC102725065	795.0	0.2592	293
LOC102725065	805.0	0.1378	302
LOC102725065	815.0	0.1539	280
LOC102725065	825.0	0.2548	277
LOC102725065	835.0	0.1525	259
LOC102725065	845.0	0.1212	244
LOC102725065	855.0	0.0892	207
LOC102725065	865.0	0.0804	268
LOC102725065	875.0	0.0806	194
LOC102725065	885.0	0.0843	225
LOC102725065	895.0	0.0243	200
LOC102725065	905.0	0.0502	219
LOC102725065	915.0	0.0381	211
LOC102725065	925.0	0.0823	288
LOC102725065	935.0	0.0655	238
LOC102725065	945.0	0.0435	242
LOC102725065	955.0	0.0901	226
LOC102725065	965.0	0.0384	199
LOC102725065	975.0	0.1065	169
LOC102725065	985.0	0.1749	193
LOC102725065	995.0	0.0956	185
LOC107987288	-995.0	0.0196	22
LOC107987288	-985.0	0.0286	33
LOC107987288	-975.0	0.0751	29
LOC107987288	-965.0		0
LOC107987288	-955.0		0
LOC107987288	-945.0		0
LOC107987288	-935.0		0
LOC107987288	-925.0		0
LOC107987288	-915.0	0.0371	36
LOC107987288	-905.0	0.1546	43
LOC107987288	-895.0	0.0906	175
LOC107987288	-885.0	0.1151	431
LOC107987288	-875.0	0.1764	284
LOC107987288	-865.0	0.0922	57
LOC107987288	-855.0	0.0345	110
LOC107987288	-845.0	0.0749	315
LOC107987288	-835.0	0.0947	779
LOC107987288	-825.0	0.102	408
LOC107987288	-815.0	0.0622	653
LOC107987288	-805.0	0.0588	323
LOC107987288	-795.0	0.0555	319
LOC107987288	-785.0	0.0553	316
LOC107987288	-775.0	0.0449	314
LOC107987288	-765.0	0.1196	93
LOC107987288	-755.0	0.1203	403
LOC107987288	-745.0	0.0882	330
LOC107987288	-735.0		0
LOC107987288	-725.0		0
LOC107987288	-715.0		0
LOC107987288	-705.0		0
LOC107987288	-695.0		0
LOC107987288	-685.0		0
LOC107987288	-675.0		0
LOC107987288	-665.0		0
LOC107987288	-655.0		0
LOC107987288	-645.0		0
LOC107987288	-635.0		0
LOC107987288	-625.0		0
LOC107987288	-615.0		0
LOC107987288	-605.0		0
LOC107987288	-595.0		0
LOC107987288	-585.0		0
LOC107987288	-575.0		0
LOC107987288	-565.0		0
LOC107987288	-555.0		0
LOC107987288	-545.0		0
LOC107987288	-535.0		0
LOC107987288	-525.0		0
LOC107987288	-515.0		0
LOC107987288	-505.0		0
LOC107987288	-495.0		0
LOC107987288	-485.0		0
LOC107987288	-475.0		0
LOC107987288	-465.0		0
LOC107987288	-455.0		0
LOC107987288	-445.0		0
LOC107987288	-435.0		0
LOC107987288	-425.0		0
LOC107987288	-415.0		0
LOC107987288	-405.0		0
LOC107987288	-395.0		0
LOC107987288	-385.0		0
LOC107987288	-375.0		0
LOC107987288	-365.0		0
LOC107987288	-355.0		0
LOC107987288	-345.0		0
LOC107987288	-335.0		0
LOC107987288	-325.0		0
LOC107987288	-315.0		0
LOC107987288	-305.0		0
LOC107987288	-295.0		0
LOC107987288	-285.0		0
LOC107987288	-275.0		0
LOC107987288	-265.0		0
LOC107987288	-255.0		0
LOC107987288	-245.0		0
LOC107987288	-235.0		0
LOC107987288	-225.0		0
LOC107987288	-215.0		0
LOC107987288	-205.0		0
LOC107987288	-195.0		0
LOC107987288	-185.0		0
LOC107987288	-175.0		0
LOC107987288	-165.0		0
LOC107987288	-155.0		0
LOC107987288	-145.0		0
LOC107987288	-135.0		0
LOC107987288	-125.0	0.0169	4
LOC107987288	-115.0		0
LOC107987288	-105.0		0
LOC107987288	-95.0		0
LOC107987288	-85.0		0
LOC107987288	-75.0		0
LOC107987288	-65.0	0.0677	40
LOC107987288	-55.0		0
LOC107987288	-45.0		0
LOC107987288	-35.0		0
LOC107987288	-25.0		0
LOC107987288	-15.0	0.0681	48
LOC107987288	-5.0	0.0704	144
LOC107987288	5.0	0.0519	13
LOC107987288	15.0		0
LOC107987288	25.0	0.0538	23
LOC107987288	35.0		0
LOC107987288	45.0		0
LOC107987288	55.0		0
LOC107987288	65.0		0
LOC107987288	75.0		0
LOC107987288	85.0		0
LOC107987288	95.0		0
LOC107987288	105.0		0
LOC107987288	115.0		0
LOC107987288	125.0		0
LOC107987288	135.0		0
LOC107987288	145.0		0
LOC107987288	155.0		0
LOC107987288	165.0		0
LOC107987288	175.0		0
LOC107987288	185.0		0
LOC107987288	195.0		0
LOC107987288	205.0		0
LOC107987288	215.0		0
LOC107987288	225.0		0
LOC107987288	235.0	0.0451	406
LOC107987288	245.0	0.0446	150
LOC107987288	255.0		0
LOC107987288	265.0		0
LOC107987288	275.0		0
LOC107987288	285.0		0
LOC107987288	295.0	0.0386	7
LOC107987288	305.0	0.098	35
LOC107987288	315.0	0.3019	21
LOC107987288	325.0	0.0629	17
LOC107987288	335.0	0.0	3
LOC107987288	345.0		0
LOC107987288	355.0		0
LOC107987288	365.0		0
LOC107987288	375.0	0.0169	16
LOC107987288	385.0		0
LOC107987288	395.0		0
LOC107987288	405.0		0
LOC107987288	415.0		0
LOC107987288	425.0		0
LOC107987288	435.0	0.0302	105
LOC107987288	445.0		0
LOC107987288	455.0		0
LOC107987288	465.0		0
LOC107987288	475.0		0
LOC107987288	485.0		0
LOC107987288	495.0		0
LOC107987288	505.0		0
LOC107987288	515.0		0
LOC107987288	525.0		0
LOC107987288	535.0		0
LOC107987288	545.0		0
LOC107987288	555.0		0
LOC107987288	565.0		0
LOC107987288	575.0		0
LOC107987288	585.0		0
LOC107987288	595.0		0
LOC107987288	605.0		0
LOC107987288	615.0		0
LOC107987288	625.0		0
LOC107987288	635.0		0
LOC107987288	645.0		0
LOC107987288	655.0		0
LOC107987288	665.0	0.0108	4
LOC107987288	675.0		0
LOC107987288	685.0		0
LOC107987288	695.0		1
LOC107987288	705.0		0
LOC107987288	715.0		4
LOC107987288	725.0		0
LOC107987288	735.0		0
LOC107987288	745.0		0
LOC107987288	755.0	0.0351	48
LOC107987288	765.0	0.1526	40
LOC107987288	775.0	0.0089	7
LOC107987288	785.0	0.0451	2
LOC107987288	795.0		0
LOC107987288	805.0		0
LOC107987288	815.0		0
LOC107987288	825.0		0
LOC107987288	835.0		0
LOC107987288	845.0		0
LOC107987288	855.0		0
LOC107987288	865.0		0
LOC107987288	875.0		0
LOC107987288	885.0		0
LOC107987288	895.0		0
LOC107987288	905.0		0
LOC107987288	915.0		0
LOC107987288	925.0		0
LOC107987288	935.0		0
LOC107987288	945.0		0
LOC107987288	955.0		0
LOC107987288	965.0		0
LOC107987288	975.0		0
LOC107987288	985.0		0
LOC107987288	995.0		0
LOC124900992	-995.0	0.1422	262
LOC124900992	-985.0	0.2617	137
LOC124900992	-975.0	0.1993	144
LOC124900992	-965.0	0.249	101
LOC124900992	-955.0	0.3239	113
LOC124900992	-945.0	0.3495	136
LOC124900992	-935.0	0.1312	73
LOC124900992	-925.0	0.0696	27
LOC124900992	-915.0	0.2929	61
LOC124900992	-905.0	0.215	121
LOC124900992	-895.0	0.0314	41
LOC124900992	-885.0	0.255	53
LOC124900992	-875.0	0.1429	283
LOC124900992	-865.0	0.1152	22
LOC124900992	-855.0		0
LOC124900992	-845.0		0
LOC124900992	-835.0	0.13	9
LOC124900992	-825.0		0
LOC124900992	-815.0		0
LOC124900992	-805.0		0
LOC124900992	-795.0		0
LOC124900992	-785.0		0
LOC124900992	-775.0		0
LOC124900992	-765.0		0
LOC124900992	-755.0		0
LOC124900992	-745.0	0.0892	3
LOC124900992	-735.0		0
LOC124900992	-725.0		2
LOC124900992	-715.0	-0.0002	6
LOC124900992	-705.0		0
LOC124900992	-695.0		0
LOC124900992	-685.0		0
LOC124900992	-675.0		0
LOC124900992	-665.0		0
LOC124900992	-655.0	0.0212	11
LOC124900992	-645.0		0
LOC124900992	-635.0	0.0033	3
LOC124900992	-625.0		0
LOC124900992	-615.0		0
LOC124900992	-605.0	0.0201	46
LOC124900992	-595.0	0.0223	25
LOC124900992	-585.0		0
LOC124900992	-575.0		2
LOC124900992	-565.0		0
LOC124900992	-555.0	0.0018	6
LOC124900992	-545.0	0.2671	23
LOC124900992	-535.0	0.2783	10
LOC124900992	-525.0	0.1165	44
LOC124900992	-515.0	0.2226	69
LOC124900992	-505.0	0.1533	95
LOC124900992	-495.0	0.0504	54
LOC124900992	-485.0	0.1419	98
LOC124900992	-475.0	0.2028	71
LOC124900992	-465.0	0.2283	151
LOC124900992	-455.0	0.407	21
LOC124900992	-445.0	0.0271	3
LOC124900992	-435.0	0.0612	85
LOC124900992	-425.0	0.0901	19
LOC124900992	-415.0	0.0893	44
LOC124900992	-405.0	0.1186	81
LOC124900992	-395.0	0.2459	49
LOC124900992	-385.0	0.0008	13
LOC124900992	-375.0	0.0311	19
LOC124900992	-365.0	0.1874	20
LOC124900992	-355.0	0.0988	24
LOC124900992	-345.0	0.3237	23
LOC124900992	-335.0		1
LOC124900992	-325.0		0
LOC124900992	-315.0		0
LOC124900992	-305.0	0.012	40
LOC124900992	-295.0	0.0074	19
LOC124900992	-285.0		0
LOC124900992	-275.0		0
LOC124900992	-265.0		0
LOC124900992	-255.0		0
LOC124900992	-245.0		0
LOC124900992	-235.0	0.2142	14
LOC124900992	-225.0	0.0028	5
LOC124900992	-215.0	0.0173	9
LOC124900992	-205.0	0.0926	71
LOC124900992	-195.0	0.0158	24
LOC124900992	-185.0		0
LOC124900992	-175.0	0.073	10
LOC124900992	-165.0		0
LOC124900992	-155.0	0.1994	18
LOC124900992	-145.0	0.0286	8
LOC124900992	-135.0	-0.0012	3
LOC124900992	-125.0		0
LOC124900992	-115.0		0
LOC124900992	-105.0	0.0507	2
LOC124900992	-95.0	0.177	7
LOC124900992	-85.0	0.1679	9
LOC124900992	-75.0	0.1264	122
LOC124900992	-65.0	0.1671	134
LOC124900992	-55.0	0.0512	105
LOC124900992	-45.0	-0.0036	5
LOC124900992	-35.0	0.0856	14
LOC124900992	-25.0	0.1059	47
LOC124900992	-15.0	0.108	33
LOC124900992	-5.0	0.0272	49
LOC124900992	5.0	0.035	50
LOC124900992	15.0	0.0294	27
LOC124900992	25.0		1
LOC124900992	35.0	0.217	62
LOC124900992	45.0		1
LOC124900992	55.0	0.0491	2
LOC124900992	65.0		1
LOC124900992	75.0		0
LOC124900992	85.0		0
LOC124900992	95.0		0
LOC124900992	105.0		2
LOC124900992	115.0	0.0133	5
LOC124900992	125.0	0.0036	19
LOC124900992	135.0	0.043	15
LOC124900992	145.0	0.3123	22
LOC124900992	155.0		0
LOC124900992	165.0	0.1154	14
LOC124900992	175.0	0.0213	24
LOC124900992	185.0	0.0017	11
LOC124900992	195.0		0
LOC124900992	205.0	0.0451	2
LOC124900992	215.0	0.2562	10
LOC124900992	225.0		0
LOC124900992	235.0	0.3055	35
LOC124900992	245.0	0.057	3
LOC124900992	255.0		0
LOC124900992	265.0	0.0953	83
LOC124900992	275.0	0.1412	164
LOC124900992	285.0	0.1104	56
LOC124900992	295.0	0.1657	47
LOC124900992	305.0	0.2365	58
LOC124900992	315.0	0.0223	7
LOC124900992	325.0		0
LOC124900992	335.0	0.0056	3
LOC124900992	345.0	0.0217	17
LOC124900992	355.0	0.1125	45
LOC124900992	365.0	0.2008	53
LOC124900992	375.0	0.2625	32
LOC124900992	385.0	0.1815	20
LOC124900992	395.0	0.0045	12
LOC124900992	405.0	0.2015	11
LOC124900992	415.0	0.1722	30
LOC124900992	425.0	0.1392	30
LOC124900992	435.0	0.2141	74
LOC124900992	445.0	0.2037	192
LOC124900992	455.0	0.0991	38
LOC124900992	465.0	0.1397	71
LOC124900992	475.0	0.0047	17
LOC124900992	485.0	0.0242	42
LOC124900992	495.0	0.2211	93
LOC124900992	505.0	0.1541	159
LOC124900992	515.0	0.0913	7
LOC124900992	525.0	0.0337	10
LOC124900992	535.0	0.0198	41
LOC124900992	545.0	0.0243	122
LOC124900992	555.0	0.1515	33
LOC124900992	565.0	0.3093	8
LOC124900992	575.0	0.041	30
LOC124900992	585.0	0.0684	89
LOC124900992	595.0	0.1544	120
LOC124900992	605.0	0.0103	58
LOC124900992	615.0	0.0028	10
LOC124900992	625.0	0.109	146
LOC124900992	635.0	0.2795	60
LOC124900992	645.0	0.151	162
LOC124900992	655.0	0.046	59
LOC124900992	665.0	0.0	3
LOC124900992	675.0	0.0483	9
LOC124900992	685.0	0.0015	33
LOC124900992	695.0	0.1662	47
LOC124900992	705.0	0.1234	37
LOC124900992	715.0	0.1508	23
LOC124900992	725.0	0.0315	48
LOC124900992	735.0		0
LOC124900992	745.0		0
LOC124900992	755.0	0.0015	9
LOC124900992	765.0	0.1213	32
LOC124900992	775.0	0.1075	46
LOC124900992	785.0	0.1163	18
LOC124900992	795.0	0.0599	53
LOC124900992	805.0	0.1879	55
LOC124900992	815.0	0.1449	164
LOC124900992	825.0	0.2066	34
LOC124900992	835.0	0.1241	58
LOC124900992	845.0	0.0894	98
LOC124900992	855.0	0.1145	150
LOC124900992	865.0	0.0941	164
LOC124900992	875.0	0.2661	181
LOC124900992	885.0	0.163	165
LOC124900992	895.0	0.1323	168
LOC124900992	905.0	0.1441	187
LOC124900992	915.0	0.0906	184
LOC124900992	925.0	0.1264	157
LOC124900992	935.0	0.1179	163
LOC124900992	945.0	0.0895	200
LOC124900992	955.0	0.0885	215
LOC124900992	965.0	0.0587	248
LOC124900992	975.0	0.0728	185
LOC124900992	985.0	0.0856	209
LOC124900992	995.0	0.0768	193
LOC124900995	-995.0	0.1992	147
LOC124900995	-985.0	0.2556	94
LOC124900995	-975.0	0.261	110
LOC124900995	-965.0	0.3794	146
LOC124900995	-955.0	0.1312	71
LOC124900995	-945.0	0.0696	29
LOC124900995	-935.0	0.2929	61
LOC124900995	-925.0	0.2179	116
LOC124900995	-915.0	0.0301	46
LOC124900995	-905.0	0.255	53
LOC124900995	-895.0	0.1429	283
LOC124900995	-885.0	0.1152	22
LOC124900995	-875.0		0
LOC124900995	-865.0		0
LOC124900995	-855.0	0.13	9
LOC124900995	-845.0		0
LOC124900995	-835.0		0
LOC124900995	-825.0		0
LOC124900995	-815.0		0
LOC124900995	-805.0		0
LOC124900995	-795.0		0
LOC124900995	-785.0		0
LOC124900995	-775.0		0
LOC124900995	-765.0	0.0892	3
LOC124900995	-755.0		0
LOC124900995	-745.0		2
LOC124900995	-735.0	-0.0002	6
LOC124900995	-725.0		0
LOC124900995	-715.0		0
LOC124900995	-705.0		0
LOC124900995	-695.0		0
LOC124900995	-685.0		0
LOC124900995	-675.0	0.0212	11
LOC124900995	-665.0		0
LOC124900995	-655.0		1
LOC124900995	-645.0	0.0	2
LOC124900995	-635.0		0
LOC124900995	-625.0	0.0201	45
LOC124900995	-615.0	0.0223	26
LOC124900995	-605.0		0
LOC124900995	-595.0		2
LOC124900995	-585.0		0
LOC124900995	-575.0		0
LOC124900995	-565.0	0.2536	29
LOC124900995	-555.0	0.2814	9
LOC124900995	-545.0	0.115	45
LOC124900995	-535.0	0.2232	68
LOC124900995	-525.0	0.153	92
LOC124900995	-515.0	0.0518	53
LOC124900995	-505.0	0.1406	103
LOC124900995	-495.0	0.2089	64
LOC124900995	-485.0	0.2238	158
LOC124900995	-475.0	0.407	21
LOC124900995	-465.0		0
LOC124900995	-455.0	0.0604	88
LOC124900995	-445.0	0.0901	19
LOC124900995	-435.0	0.0893	44
LOC124900995	-425.0	0.1186	81
LOC124900995	-415.0	0.2597	35
LOC124900995	-405.0	0.0295	26
LOC124900995	-395.0	0.0311	20
LOC124900995	-385.0	0.1874	20
LOC124900995	-375.0	0.0988	24
LOC124900995	-365.0	0.3237	23
LOC124900995	-355.0		1
LOC124900995	-345.0		0
LOC124900995	-335.0		0
LOC124900995	-325.0	0.012	40
LOC124900995	-315.0	0.0074	19
LOC124900995	-305.0		0
LOC124900995	-295.0		0
LOC124900995	-285.0		0
LOC124900995	-275.0		0
LOC124900995	-265.0		0
LOC124900995	-255.0	0.2142	14
LOC124900995	-245.0	0.0028	5
LOC124900995	-235.0	0.0173	9
LOC124900995	-225.0	0.0926	71
LOC124900995	-215.0	0.0158	24
LOC124900995	-205.0		0
LOC124900995	-195.0	0.073	10
LOC124900995	-185.0		0
LOC124900995	-175.0	0.1994	18
LOC124900995	-165.0	0.0286	8
LOC124900995	-155.0	-0.0012	3
LOC124900995	-145.0		0
LOC124900995	-135.0		0
LOC124900995	-125.0	0.0507	2
LOC124900995	-115.0	0.177	7
LOC124900995	-105.0	0.1679	9
LOC124900995	-95.0	0.1064	109
LOC124900995	-85.0	0.1683	132
LOC124900995	-75.0	0.093	120
LOC124900995	-65.0	-0.0036	5
LOC124900995	-55.0	0.0856	14
LOC124900995	-45.0	0.0951	40
LOC124900995	-35.0	0.1313	36
LOC124900995	-25.0	0.0058	18
LOC124900995	-15.0	0.0346	85
LOC124900995	-5.0	0.0391	13
LOC124900995	5.0	0.0147	15
LOC124900995	15.0	0.217	62
LOC124900995	25.0		1
LOC124900995	35.0	0.0491	2
LOC124900995	45.0		1
LOC124900995	55.0		0
LOC124900995	65.0		0
LOC124900995	75.0		0
LOC124900995	85.0		2
LOC124900995	95.0	0.0133	5
LOC124900995	105.0	0.008	15
LOC124900995	115.0	0.0408	19
LOC124900995	125.0	0.3123	22
LOC124900995	135.0		0
LOC124900995	145.0	0.1154	14
LOC124900995	155.0	0.0213	24
LOC124900995	165.0	0.0017	11
LOC124900995	175.0		0
LOC124900995	185.0	0.0451	2
LOC124900995	195.0	0.2562	10
LOC124900995	205.0		0
LOC124900995	215.0	0.3055	35
LOC124900995	225.0	0.057	3
LOC124900995	235.0		0
LOC124900995	245.0	0.0982	74
LOC124900995	255.0	0.1378	173
LOC124900995	265.0	0.1104	56
LOC124900995	275.0	0.1011	43
LOC124900995	285.0	0.2241	47
LOC124900995	295.0	0.2616	22
LOC124900995	305.0		0
LOC124900995	315.0	0.0056	3
LOC124900995	325.0	0.0217	15
LOC124900995	335.0	0.1125	47
LOC124900995	345.0	0.2171	45
LOC124900995	355.0	0.2499	40
LOC124900995	365.0	0.1815	20
LOC124900995	375.0	0.0045	12
LOC124900995	385.0	0.2015	11
LOC124900995	395.0	0.1722	30
LOC124900995	405.0	0.1392	30
LOC124900995	415.0	0.1181	65
LOC124900995	425.0	0.2271	196
LOC124900995	435.0	0.0978	43
LOC124900995	445.0	0.1397	69
LOC124900995	455.0	0.0047	19
LOC124900995	465.0	0.0274	32
LOC124900995	475.0	0.1908	96
LOC124900995	485.0	0.1515	166
LOC124900995	495.0	0.0913	7
LOC124900995	505.0	0.0337	10
LOC124900995	515.0	0.0198	40
LOC124900995	525.0	0.0243	123
LOC124900995	535.0	0.1527	30
LOC124900995	545.0	0.3044	11
LOC124900995	555.0	0.041	30
LOC124900995	565.0	0.0684	89
LOC124900995	575.0	0.1552	104
LOC124900995	585.0	0.0101	74
LOC124900995	595.0	0.0028	5
LOC124900995	605.0	0.1094	149
LOC124900995	615.0	0.2787	62
LOC124900995	625.0	0.1512	158
LOC124900995	635.0	0.0454	63
LOC124900995	645.0	0.0	3
LOC124900995	655.0	0.0483	9
LOC124900995	665.0	0.0015	33
LOC124900995	675.0	0.1662	47
LOC124900995	685.0	0.1234	37
LOC124900995	695.0	0.0072	9
LOC124900995	705.0	0.073	62
LOC124900995	715.0		0
LOC124900995	725.0		0
LOC124900995	735.0	0.0015	9
LOC124900995	745.0	0.1213	32
LOC124900995	755.0	0.1075	45
LOC124900995	765.0	0.1397	9
LOC124900995	775.0	0.0772	63
LOC124900995	785.0	0.1879	55
LOC124900995	795.0	0.1449	164
LOC124900995	805.0	0.2066	34
LOC124900995	815.0	0.1241	56
LOC124900995	825.0	0.0227	91
LOC124900995	835.0	0.1225	150
LOC124900995	845.0	0.1073	168
LOC124900995	855.0	0.2509	181
LOC124900995	865.0	0.1643	165
LOC124900995	875.0	0.1316	169
LOC124900995	885.0	0.1522	179
LOC124900995	895.0	0.0852	192
LOC124900995	905.0	0.1259	154
LOC124900995	915.0	0.1229	162
LOC124900995	925.0	0.0872	200
LOC124900995	935.0	0.0891	206
LOC124900995	945.0	0.0584	259
LOC124900995	955.0	0.0727	185
LOC124900995	965.0	0.0856	212
LOC124900995	975.0	0.0786	187
LOC124900995	985.0	0.0826	177
LOC124900995	995.0	0.0673	241
